Handle,Title,Body (HTML),Vendor,Product Category,Type,Tags,Published,Option1 Name,Option1 Value,Option1 Linked To,Option2 Name,Option2 Value,Option2 Linked To,Option3 Name,Option3 Value,Option3 Linked To,Variant SKU,Variant Grams,Variant Inventory Tracker,Variant Inventory Qty,Variant Inventory Policy,Variant Fulfillment Service,Variant Price,Variant Compare At Price,Variant Requires Shipping,Variant Taxable,Variant Barcode,Image Src,Image Position,Image Alt Text,Gift Card,SEO Title,SEO Description,Google Shopping / Google Product Category,Google Shopping / Gender,Google Shopping / Age Group,Google Shopping / MPN,Google Shopping / Condition,Google Shopping / Custom Product,Google Shopping / Custom Label 0,Google Shopping / Custom Label 1,Google Shopping / Custom Label 2,Google Shopping / Custom Label 3,Google Shopping / Custom Label 4,Variant Image,Variant Weight Unit,Variant Tax Code,Cost per item,Status
fauteuil-en-tissu-blanc-et-orange-san,Fauteuil en tissu blanc et orange,"<h2>Description du Produit</h2>
<p>Laissez-vous s√©duire par le charme intemporel du fauteuil  San , une pi√®ce ma√Ætresse qui allie avec brio le style moderne et r√©tro. Ce fauteuil haut de gamme est con√ßu pour transformer votre espace de vie ou professionnel gr√¢ce √† ses lignes minimalistes et son cadre enti√®rement tapiss√© d'un tissu cr√®me vintage rehauss√© d'orange, sublim√© par un passepoil contrastant. Ses pieds noirs √©l√©gants ajoutent une touche raffin√©e, faisant de ce fauteuil un choix incontournable pour ceux qui recherchent l'harmonie parfaite entre design avant-gardiste et √©l√©ments classiques. Offrant un confort exceptionnel gr√¢ce √† son cadre rembourr√©, il s'int√®gre harmonieusement dans des int√©rieurs modernes comme r√©tro-inspir√©s, tout en garantissant une durabilit√© exceptionnelle gr√¢ce √† ses mat√©riaux de haute qualit√©. Que vous soyez passionn√© par la d√©coration int√©rieure ou que vous cherchiez √† rehausser l'esth√©tique de votre salon ou espace commercial, le San  saura r√©pondre √† vos attentes les plus exigeantes.</p><ul>
  <li>‚ú® Design √©l√©gant : La combinaison du tissu cr√®me vintage et orange vif avec un passepoil contrastant offre un look chic qui rehausse n'importe quel d√©cor.</li>
  <li>üõãÔ∏è Confort de l'assise : Le cadre enti√®rement rembourr√© procure un soutien moelleux pour une d√©tente optimale.</li>
  <li>üé® Esth√©tique polyvalente : S'int√®gre parfaitement dans des int√©rieurs modernes ou inspir√©s du r√©tro.</li>
  <li>üèóÔ∏è Durabilit√© : Construit avec des mat√©riaux de haute qualit√© pour garantir une utilisation durable.</li>
</ul><h2>Caract√©ristiques techniques</h2>
<ul>
  <li>
<strong>Dimensions :</strong> 90 cm (L) x 85 cm (P) x 82 cm (H)</li>
  <li>
<strong>Hauteur de l'assise :</strong> 41 cm</li>
  <li>
<strong>Poids :</strong> 24 kg</li>
  <li>
<strong>Mat√©riaux :</strong> Tissu vintage cr√®me et orange avec passepoil orange; pieds noirs</li>
  <li>
<strong>Sch√©ma de couleurs :</strong> Tissu blanc et orange, pieds noirs</li>
</ul>",chaise et fauteuil,,Fauteuil,"Fauteuil, Fauteuils",TRUE,Color,Orange,,,,,,,,117121,0,shopify,100,continue,manual,79.9,,TRUE,TRUE,,https://cdn.shopify.com/s/files/1/0911/7401/1255/files/3e0c6619491f96e440ab6909f723f409_2e9f9661-bcf4-4bb5-b1d1-a73052c89fad.png?v=1749293244,1,Fauteuil en tissu blanc et orange Marino G,FALSE,,,,,,,,,,,,,,,kg,,,active
fauteuil-en-tissu-blanc-et-orange-san,,,,,,,,,,,,,,,,,,,,,,,,,,,,https://cdn.shopify.com/s/files/1/0911/7401/1255/files/02e891d390408042e9d4080b899f70d3_10b22760-d4b3-4cab-96c0-d131bb65aaf4.png?v=1749293244,2,Fauteuil en tissu blanc et orange Marino G,,,,,,,,,,,,,,,,,,,
fauteuil-en-tissu-blanc-et-orange-san,,,,,,,,,,,,,,,,,,,,,,,,,,,,https://cdn.shopify.com/s/files/1/0911/7401/1255/files/e613670f1d9f133c0a70b4edc15d40b3_34fba60a-8f73-41f0-b265-ad2f9eab79da.png?v=1749293244,3,Fauteuil en tissu blanc et orange Marino G,,,,,,,,,,,,,,,,,,,
fauteuil-en-tissu-blanc-et-orange-san,,,,,,,,,,,,,,,,,,,,,,,,,,,,https://cdn.shopify.com/s/files/1/0911/7401/1255/files/e134b1c38c2496b284b37b886bf28329_252b42f3-d769-47c2-a0d2-4ae7e1200357.png?v=1749293244,4,Fauteuil en tissu blanc et orange Marino G,,,,,,,,,,,,,,,,,,,
fauteuil-en-tissu-blanc-et-orange-san,,,,,,,,,,,,,,,,,,,,,,,,,,,,https://cdn.shopify.com/s/files/1/0911/7401/1255/files/facfa4cbe972b639fcd8cadcb54db7e9_5b8dda52-a158-40d6-9493-fce9023b17d4.jpg?v=1749293244,5,Fauteuil en tissu blanc et orange Marino G,,,,,,,,,,,,,,,,,,,
fauteuil-en-tissu-blanc-et-orange-san,,,,,,,,,,,,,,,,,,,,,,,,,,,,https://cdn.shopify.com/s/files/1/0911/7401/1255/files/ed5fa536336d9dadbb0b85bff2aad627_3926400b-c912-4af6-bf2b-012b90bf3689.jpg?v=1749293244,6,Fauteuil en tissu blanc et orange Marino G,,,,,,,,,,,,,,,,,,,
fauteuil-en-tissu-blanc-et-orange-san,,,,,,,,,,,,,,,,,,,,,,,,,,,,https://cdn.shopify.com/s/files/1/0911/7401/1255/files/9a5776aa8156879bf53c06d89fa61585_e8a69db2-c248-4362-9d6f-8e69325f9d4f.jpg?v=1749293244,7,Fauteuil en tissu blanc et orange Marino G,,,,,,,,,,,,,,,,,,,
tabouret-molletonne-creme,Tabouret molletonn√© cr√®me,"<h2>Description du Produit</h2>
<p>√âl√©gant et sophistiqu√©, le tabouret  en tissu cr√®me est l'ajout parfait pour rehausser votre salon ou chambre √† coucher. Inspir√© par un design r√©tro-chic, ce tabouret se distingue par son rev√™tement en tissu Brisbane cr√®me somptueux et son dossier incurv√© astucieusement proportionn√© qui allie confort et style. Avec ses dimensions g√©n√©reuses de 61 cm de largeur, 57 cm de profondeur et 64 cm de hauteur, il offre une assise confortable √† 44 cm du sol. Pesant seulement 12 kg, il est facile √† d√©placer tout en √©tant suffisamment robuste pour durer dans le temps. Que vous cherchiez √† compl√©ter votre d√©coration int√©rieure ou √† ajouter une pi√®ce d'accent unique, ce tabouret est con√ßu pour s√©duire les amateurs de mobilier luxueux √¢g√©s de 30 √† 55 ans qui privil√©gient la qualit√© et l'esth√©tique intemporelle.</p><ul>
  <li>üé® <strong>Attrait esth√©tique :</strong> Le design r√©tro combin√© au tissu cr√®me luxueux ajoute une touche d'√©l√©gance et de sophistication √† toute pi√®ce.</li>
  <li>üõãÔ∏è <strong>Confort d'assise :</strong> Le dossier courb√© intelligemment con√ßu offre un soutien ergonomique, id√©al pour des s√©ances prolong√©es.</li>
  <li>üîÑ <strong>Polyvalence :</strong> Parfait pour une utilisation dans les salons, chambres, ou comme pi√®ce d'accent dans divers environnements.</li>
</ul><h2>Caract√©ristiques techniques</h2>
<ul>
  <li>
<strong>Dimensions :</strong> 61 cm (largeur) x 57 cm (profondeur) x 64 cm (hauteur)</li>
  <li>
<strong>Hauteur de l'assise :</strong> 44 cm</li>
  <li>
<strong>Poids :</strong> 12 kg</li>
  <li>
<strong>Mati√®re :</strong> Tissu Brisbane cr√®me</li>
  <li>
<strong>Caract√©ristiques de design :</strong> Dossier incurv√©</li>
</ul>",Luna D√©co,,Pouf,"Lits, Pouf",TRUE,Couleur,Beige,,,,,,,,115606,0,shopify,100,continue,manual,39.99,,TRUE,TRUE,,https://cdn.shopify.com/s/files/1/0911/7401/1255/files/30ab98bfa3603b32db05cb47e177fc20.png?v=1749297849,1,Tabouret molletonn√© cr√®me,FALSE,,,,,,,,,,,,,,,kg,,,active
tabouret-molletonne-creme,,,,,,,,,,,,,,,,,,,,,,,,,,,,https://cdn.shopify.com/s/files/1/0911/7401/1255/files/74d7691c72170c89e3ed5dc2ba15e866_39bea10b-0fd0-4789-8040-b205b3fbe22d.webp?v=1749297849,2,Tabouret molletonn√© cr√®me,,,,,,,,,,,,,,,,,,,
tabouret-molletonne-creme,,,,,,,,,,,,,,,,,,,,,,,,,,,,https://cdn.shopify.com/s/files/1/0911/7401/1255/files/fd117f79f87b14af8eaa380ccc45d043.png?v=1749297849,3,Tabouret molletonn√© cr√®me,,,,,,,,,,,,,,,,,,,
tabouret-molletonne-creme,,,,,,,,,,,,,,,,,,,,,,,,,,,,https://cdn.shopify.com/s/files/1/0911/7401/1255/files/1e3911c473b23a281e13f1f21c239098.png?v=1749297849,4,Tabouret molletonn√© cr√®me,,,,,,,,,,,,,,,,,,,
tabouret-molletonne-creme,,,,,,,,,,,,,,,,,,,,,,,,,,,,https://cdn.shopify.com/s/files/1/0911/7401/1255/files/9c95d3f4f7f00a116c9530311745d3f4.png?v=1749148229,5,Tabouret molletonn√© cr√®me,,,,,,,,,,,,,,,,,,,
tabouret-molletonne-creme,,,,,,,,,,,,,,,,,,,,,,,,,,,,https://cdn.shopify.com/s/files/1/0911/7401/1255/files/aefdded7613174bf836c87b03d53bccc.png?v=1749148228,6,Tabouret molletonn√© cr√®me,,,,,,,,,,,,,,,,,,,
tabouret-molletonne-creme,,,,,,,,,,,,,,,,,,,,,,,,,,,,https://cdn.shopify.com/s/files/1/0911/7401/1255/files/aa435e418daa95e3a821fbec4064ed46.png?v=1749148229,7,Tabouret molletonn√© cr√®me,,,,,,,,,,,,,,,,,,,
tabouret-molletonne-creme,,,,,,,,,,,,,,,,,,,,,,,,,,,,https://cdn.shopify.com/s/files/1/0911/7401/1255/files/969536b8271fe871cd241590544e83b5.png?v=1749148228,8,Tabouret molletonn√© cr√®me,,,,,,,,,,,,,,,,,,,
tabouret-en-velours-vert-fonce,Tabouret en velours vert fonc√©,"<h2>Description du Produit</h2>
<p>Transformez votre espace de vie en un refuge √©l√©gant digne d'un h√¥tel avec le tabouret  en velours vert fonc√©. Ce tabouret r√©tro somptueux, rev√™tu d'un luxueux velours Roche vert, est con√ßu pour apporter une touche de sophistication √† toute pi√®ce. Dot√© d'un dossier incurv√© unique et d'une conception intelligemment proportionn√©e, il se distingue par son style et son confort in√©gal√©s. Le velours riche offre un look opulent qui sublime la d√©coration int√©rieure, tandis que le dossier ergonomique assure un soutien optimal pour des s√©ances prolong√©es. Polyvalent, il s'adapte aussi bien aux salons qu'aux chambres √† coucher. Fabriqu√© avec des mat√©riaux de haute qualit√©, ce tabouret promet durabilit√© et long√©vit√©, parfait pour les amateurs de design int√©rieur recherchant des meubles luxueux et inspir√©s du style r√©tro.</p><ul>
  <li>üé® <strong>Attrait esth√©tique :</strong> Le velours vert fonc√© riche apporte une touche opulente qui sublime la d√©coration de votre pi√®ce.</li>
  <li>ü™ë <strong>Confort :</strong> Le dossier incurv√© offre un soutien ergonomique, id√©al pour des s√©ances assises prolong√©es.</li>
  <li>üîÑ <strong>Polyvalence :</strong> Son design permet une utilisation dans divers environnements, des salons aux chambres √† coucher.</li>
  <li>üèóÔ∏è <strong>Construction de qualit√© :</strong> Fabriqu√© avec des mat√©riaux haut de gamme garantissant durabilit√© et long√©vit√©.</li>
</ul><h2>Caract√©ristiques techniques</h2>
<ul>
  <li>
<strong>Dimensions :</strong> 61 x 57 x H. 64 cm</li>
  <li>
<strong>Rev√™tement :</strong> Velours Roche vert fonc√©</li>
  <li>
<strong>Hauteur de l'assise :</strong> 44 cm</li>
  <li>
<strong>Poids :</strong> 12 kg</li>
</ul>",Luna D√©co,,Pouf,"Lits, Pouf",TRUE,Couleur,Vert,,,,,,,,113162,0,shopify,100,continue,manual,29.9,,TRUE,TRUE,,https://cdn.shopify.com/s/files/1/0911/7401/1255/files/99a9c52f564f061341d73c6eb4f53da9.png?v=1749297861,1,Tabouret en velours vert fonc√©,FALSE,,,,,,,,,,,,,,,kg,,,active
tabouret-en-velours-vert-fonce,,,,,,,,,,,,,,,,,,,,,,,,,,,,https://cdn.shopify.com/s/files/1/0911/7401/1255/files/b3469d7a7486ed85a8a51ffa56751ffa.png?v=1749297861,2,Tabouret en velours vert fonc√©,,,,,,,,,,,,,,,,,,,
tabouret-en-velours-vert-fonce,,,,,,,,,,,,,,,,,,,,,,,,,,,,https://cdn.shopify.com/s/files/1/0911/7401/1255/files/e4736d99581d1b1583b2da3c87a0e51c.webp?v=1749297861,3,Tabouret en velours vert fonc√©,,,,,,,,,,,,,,,,,,,
tabouret-en-velours-vert-fonce,,,,,,,,,,,,,,,,,,,,,,,,,,,,https://cdn.shopify.com/s/files/1/0911/7401/1255/files/c8e0629f100ec6a163bd581085b24158.png?v=1749297860,4,Tabouret en velours vert fonc√©,,,,,,,,,,,,,,,,,,,
tabouret-en-velours-vert-fonce,,,,,,,,,,,,,,,,,,,,,,,,,,,,https://cdn.shopify.com/s/files/1/0911/7401/1255/files/515acca62fd7e5bf0a21c91e60e3052f.png?v=1749297860,5,Tabouret en velours vert fonc√©,,,,,,,,,,,,,,,,,,,
tabouret-en-velours-vert-fonce,,,,,,,,,,,,,,,,,,,,,,,,,,,,https://cdn.shopify.com/s/files/1/0911/7401/1255/files/9aebfa3e52085cee098da282d256e0cd.png?v=1749297860,6,Tabouret en velours vert fonc√©,,,,,,,,,,,,,,,,,,,
tabouret-en-velours-vert-fonce,,,,,,,,,,,,,,,,,,,,,,,,,,,,https://cdn.shopify.com/s/files/1/0911/7401/1255/files/4aca91598ce1f91584d3aaf938ba0c4b.png?v=1749297860,7,Tabouret en velours vert fonc√©,,,,,,,,,,,,,,,,,,,